{"cameraMode":{"drawMode":0,"name":"Shaded","section":"Shading Mode"},"sceneLighting":false,"audioPlay":false,"sceneViewState":{"showFog":true,"showMaterialUpdate":false,"showSkybox":true,"showFlares":true,"showImageEffects":true,"showParticleSystems":true},"in2DMode":false,"pivot":{"x":4.934355735778809,"y":5.284825325012207,"z":-9.02540111541748},"rotation":{"x":-0.08998709917068482,"y":0.4725593030452728,"z":-0.04857898876070976,"w":-0.875345766544342},"size":4.041658401489258,"orthographic":false}