{"cameraMode":{"drawMode":0,"name":"Shaded","section":"Shading Mode"},"sceneLighting":false,"audioPlay":false,"sceneViewState":{"showFog":true,"showMaterialUpdate":false,"showSkybox":true,"showFlares":true,"showImageEffects":true,"showParticleSystems":true},"in2DMode":false,"pivot":{"x":59.58307647705078,"y":2.0425801277160646,"z":-1.4194414615631104},"rotation":{"x":0.3620956838130951,"y":-0.49982932209968569,"z":0.24171437323093415,"w":0.7487533092498779},"size":6.158341884613037,"orthographic":false}