{"cameraMode":{"drawMode":0,"name":"Shaded","section":"Shading Mode"},"sceneLighting":false,"audioPlay":false,"sceneViewState":{"showFog":true,"showMaterialUpdate":false,"showSkybox":true,"showFlares":true,"showImageEffects":true,"showParticleSystems":true},"in2DMode":false,"pivot":{"x":30.686540603637697,"y":11.520401000976563,"z":-4.926202774047852},"rotation":{"x":-0.3769186735153198,"y":0.06326843798160553,"z":-0.025816984474658967,"w":-0.9237223267555237},"size":5.986719131469727,"orthographic":false}